<Results>
    <GeneralInfo>
        <Name/>
        <RunStartTime>2019-03-01 15:44:47</RunStartTime>
        <Timezone>SE Asia Standard Time</Timezone>
        <OrchestrationToolName>JUnit</OrchestrationToolName>
        <OrchestrationToolVersion/>
        <ReportTitle>LeanFT Report</ReportTitle>
    </GeneralInfo>
    <ReportNode type="Run">
        <Data>
            <Name>Run Results</Name>
            <Description><![CDATA[ ]]></Description>
            <StartTime>2019-03-01 15:44:47</StartTime>
            <Result>Failed</Result>
            <Links/>
            <Duration><![CDATA[00:00:18.977]]></Duration>
            <Extension>
                <Any>
                    <IconKey>Run</IconKey>
                    <IsHtmlErrorText>true</IsHtmlErrorText>
                </Any>
            </Extension>
            <Environment>
                <OSInfo><![CDATA[Microsoft Windows NT 6.2.9200.0]]></OSInfo>
                <HostName><![CDATA[HC-UT41234C]]></HostName>
                <NumberOfCores>4</NumberOfCores>
                <CpuInfo/>
                <TotalMemory>7847</TotalMemory>
                <Locale><![CDATA[en-US]]></Locale>
                <Timezone>SE Asia Standard Time</Timezone>
                <User>HQP1HC</User>
            </Environment>
            <TestedApplication/>
            <ToolName>LeanFT</ToolName>
            <ToolVersion><![CDATA[14.03]]></ToolVersion>
        </Data>
        <ReportNode type="Package">
            <Data>
                <Name>testcases</Name>
                <Description><![CDATA[Version: N/A]]></Description>
                <StartTime>2019-03-01 15:44:48</StartTime>
                <Result>Failed</Result>
                <Links/>
                <Duration><![CDATA[00:00:18.763]]></Duration>
                <Extension>
                    <Any>
                        <IconKey>Package</IconKey>
                        <IsHtmlErrorText>true</IsHtmlErrorText>
                    </Any>
                </Extension>
            </Data>
            <ReportNode type="Class">
                <Data>
                    <Name><![CDATA[testcases.TC001_Login]]></Name>
                    <Description/>
                    <StartTime>2019-03-01 15:44:48</StartTime>
                    <Result>Failed</Result>
                    <Links/>
                    <Duration><![CDATA[00:00:18.763]]></Duration>
                    <Extension>
                        <Any>
                            <IconKey>Class</IconKey>
                            <IsHtmlErrorText>true</IsHtmlErrorText>
                        </Any>
                    </Extension>
                </Data>
                <ReportNode type="Test">
                    <Data>
                        <Name>login</Name>
                        <Description/>
                        <StartTime>2019-03-01 15:44:48</StartTime>
                        <Result>Failed</Result>
                        <ErrorText><![CDATA[<pre>java.lang.AssertionError
	at org.junit.Assert.fail(Assert.java:86)
	at org.junit.Assert.assertTrue(Assert.java:41)
	at org.junit.Assert.assertTrue(Assert.java:52)
	at utils.UnitTestClassBase.assertStep(UnitTestClassBase.java:134)
	at utils.CommonWebActions.click(CommonWebActions.java:19)
	at pages.LoginPage.login(LoginPage.java:24)
	at testcases.TC001_Login.login(TC001_Login.java:43)
	at sun.reflect.NativeMethodAccessorImpl.invoke0(Native Method)
	at sun.reflect.NativeMethodAccessorImpl.invoke(NativeMethodAccessorImpl.java:62)
	at sun.reflect.DelegatingMethodAccessorImpl.invoke(DelegatingMethodAccessorImpl.java:43)
	at java.lang.reflect.Method.invoke(Method.java:498)
	at org.junit.runners.model.FrameworkMethod$1.runReflectiveCall(FrameworkMethod.java:50)
	at org.junit.internal.runners.model.ReflectiveCallable.run(ReflectiveCallable.java:12)
	at org.junit.runners.model.FrameworkMethod.invokeExplosively(FrameworkMethod.java:47)
	at org.junit.internal.runners.statements.InvokeMethod.evaluate(InvokeMethod.java:17)
	at org.junit.internal.runners.statements.RunBefores.evaluate(RunBefores.java:26)
	at org.junit.internal.runners.statements.RunAfters.evaluate(RunAfters.java:27)
	at org.junit.rules.TestWatcher$1.evaluate(TestWatcher.java:55)
	at org.junit.rules.RunRules.evaluate(RunRules.java:20)
	at org.junit.runners.ParentRunner.runLeaf(ParentRunner.java:325)
	at org.junit.runners.BlockJUnit4ClassRunner.runChild(BlockJUnit4ClassRunner.java:78)
	at org.junit.runners.BlockJUnit4ClassRunner.runChild(BlockJUnit4ClassRunner.java:57)
	at org.junit.runners.ParentRunner$3.run(ParentRunner.java:290)
	at org.junit.runners.ParentRunner$1.schedule(ParentRunner.java:71)
	at org.junit.runners.ParentRunner.runChildren(ParentRunner.java:288)
	at org.junit.runners.ParentRunner.access$000(ParentRunner.java:58)
	at org.junit.runners.ParentRunner$2.evaluate(ParentRunner.java:268)
	at org.junit.internal.runners.statements.RunBefores.evaluate(RunBefores.java:26)
	at org.junit.internal.runners.statements.RunAfters.evaluate(RunAfters.java:27)
	at org.junit.rules.TestWatcher$1.evaluate(TestWatcher.java:55)
	at org.junit.rules.RunRules.evaluate(RunRules.java:20)
	at org.junit.runners.ParentRunner.run(ParentRunner.java:363)
	at org.eclipse.jdt.internal.junit4.runner.JUnit4TestReference.run(JUnit4TestReference.java:89)
	at org.eclipse.jdt.internal.junit.runner.TestExecution.run(TestExecution.java:41)
	at org.eclipse.jdt.internal.junit.runner.RemoteTestRunner.runTests(RemoteTestRunner.java:541)
	at org.eclipse.jdt.internal.junit.runner.RemoteTestRunner.runTests(RemoteTestRunner.java:763)
	at org.eclipse.jdt.internal.junit.runner.RemoteTestRunner.run(RemoteTestRunner.java:463)
	at org.eclipse.jdt.internal.junit.runner.RemoteTestRunner.main(RemoteTestRunner.java:209)
</pre>]]></ErrorText>
                        <Links/>
                        <Duration><![CDATA[00:00:18.758]]></Duration>
                        <Extension>
                            <Any>
                                <IconKey>Test</IconKey>
                                <IsHtmlErrorText>true</IsHtmlErrorText>
                            </Any>
                        </Extension>
                    </Data>
                    <ReportNode type="Step">
                        <Data>
                            <Name><![CDATA[Browser.launch]]></Name>
                            <Description><![CDATA[<style>.ex-table{border-collapse: collapse !important;width: auto;height: auto;}.ex-table,.ex-table tr,.ex-table td{border: 1px solid #c6c6c6;}.ex-table td{padding: 5px 10px;vertical-align: top;width: auto;}.ex-table .ex-name{font-size: 13px;font-weight: bold;background-color: #f3f3f3;white-space: nowrap;}.ex-table .ex-value{color: #5a5a5a;}</style><table class='ex-table'><tr><td class='ex-name'>arg0</td><td class='ex-value'>INTERNET_EXPLORER</td></tr></table><style>.ex-table{border-collapse: collapse !important;width: auto;height: auto;}.ex-table,.ex-table tr,.ex-table td{border: 1px solid #c6c6c6;}.ex-table td{padding: 5px 10px;vertical-align: top;width: auto;}.ex-table .ex-name{font-size: 13px;font-weight: bold;background-color: #f3f3f3;white-space: nowrap;}.ex-table .ex-value{color: #5a5a5a;}</style><p><div class=data-label><hr><b>Browser Information</b></div> </p><style>.ex-table{border-collapse: collapse !important;width: auto;height: auto;}.ex-table,.ex-table tr,.ex-table td{border: 1px solid #c6c6c6;}.ex-table td{padding: 5px 10px;vertical-align: top;width: auto;}.ex-table .ex-name{font-size: 13px;font-weight: bold;background-color: #f3f3f3;white-space: nowrap;}.ex-table .ex-value{color: #5a5a5a;}</style><table class='ex-table'><tr><td class='ex-name'>type</td><td class='ex-value'>internet explorer</td></tr><tr><td class='ex-name'>version</td><td class='ex-value'>11</td></tr></table>]]></Description>
                            <StartTime>2019-03-01 15:44:48</StartTime>
                            <Result>Passed</Result>
                            <Links/>
                            <Duration><![CDATA[00:00:00.000]]></Duration>
                            <Extension>
                                <Any>
                                    <TestObject>
                                        <Path/>
                                        <Operation>launch</Operation>
                                        <OperationData><![CDATA[<style>.ex-table{border-collapse: collapse !important;width: auto;height: auto;}.ex-table,.ex-table tr,.ex-table td{border: 1px solid #c6c6c6;}.ex-table td{padding: 5px 10px;vertical-align: top;width: auto;}.ex-table .ex-name{font-size: 13px;font-weight: bold;background-color: #f3f3f3;white-space: nowrap;}.ex-table .ex-value{color: #5a5a5a;}</style><table class='ex-table'><tr><td class='ex-name'>arg0</td><td class='ex-value'>INTERNET_EXPLORER</td></tr></table><style>.ex-table{border-collapse: collapse !important;width: auto;height: auto;}.ex-table,.ex-table tr,.ex-table td{border: 1px solid #c6c6c6;}.ex-table td{padding: 5px 10px;vertical-align: top;width: auto;}.ex-table .ex-name{font-size: 13px;font-weight: bold;background-color: #f3f3f3;white-space: nowrap;}.ex-table .ex-value{color: #5a5a5a;}</style><p><div class=data-label><hr><b>Browser Information</b></div> </p><style>.ex-table{border-collapse: collapse !important;width: auto;height: auto;}.ex-table,.ex-table tr,.ex-table td{border: 1px solid #c6c6c6;}.ex-table td{padding: 5px 10px;vertical-align: top;width: auto;}.ex-table .ex-name{font-size: 13px;font-weight: bold;background-color: #f3f3f3;white-space: nowrap;}.ex-table .ex-value{color: #5a5a5a;}</style><table class='ex-table'><tr><td class='ex-name'>type</td><td class='ex-value'>internet explorer</td></tr><tr><td class='ex-name'>version</td><td class='ex-value'>11</td></tr></table>]]></OperationData>
                                        <Properties/>
                                    </TestObject>
                                    <IsHtmlErrorText>true</IsHtmlErrorText>
                                    <IconKey>Browser</IconKey>
                                    <CustomUIElements>
                                        <DescriptionLabel>Data</DescriptionLabel>
                                        <FlowTreeNodeCaption><![CDATA[Browser.<span class='emphasis'>launch("Internet Explorer")</span>]]></FlowTreeNodeCaption>
                                        <FlowTreeNodeTooltip><![CDATA[Browser.launch("Internet Explorer")]]></FlowTreeNodeTooltip>
                                    </CustomUIElements>
                                    <HideContextInfo>true</HideContextInfo>
                                </Any>
                            </Extension>
                        </Data>
                    </ReportNode>
                    <ReportNode type="Step">
                        <Data>
                            <Name><![CDATA[Bosch-Zünder Online.navigate]]></Name>
                            <Description><![CDATA[<style>.ex-table{border-collapse: collapse !important;width: auto;height: auto;}.ex-table,.ex-table tr,.ex-table td{border: 1px solid #c6c6c6;}.ex-table td{padding: 5px 10px;vertical-align: top;width: auto;}.ex-table .ex-name{font-size: 13px;font-weight: bold;background-color: #f3f3f3;white-space: nowrap;}.ex-table .ex-value{color: #5a5a5a;}</style><table class='ex-table'><tr><td class='ex-name'>arg0</td><td class='ex-value'>https://rb3qt0a0.server.bosch.com:44375/sap/bc/ui5_ui5/rb0t/lp_bsp_ui/index.html</td></tr></table>]]></Description>
                            <StartTime>2019-03-01 15:44:51</StartTime>
                            <Result>Passed</Result>
                            <Links/>
                            <Duration><![CDATA[00:00:01.480]]></Duration>
                            <Extension>
                                <Any>
                                    <TestObject>
                                        <Path>
                                            <Object>
                                                <Type>Web.Browser</Type>
                                                <Name><![CDATA[Bosch-Zünder Online]]></Name>
                                            </Object>
                                        </Path>
                                        <Operation>navigate</Operation>
                                        <OperationData><![CDATA[<style>.ex-table{border-collapse: collapse !important;width: auto;height: auto;}.ex-table,.ex-table tr,.ex-table td{border: 1px solid #c6c6c6;}.ex-table td{padding: 5px 10px;vertical-align: top;width: auto;}.ex-table .ex-name{font-size: 13px;font-weight: bold;background-color: #f3f3f3;white-space: nowrap;}.ex-table .ex-value{color: #5a5a5a;}</style><table class='ex-table'><tr><td class='ex-name'>arg0</td><td class='ex-value'>https://rb3qt0a0.server.bosch.com:44375/sap/bc/ui5_ui5/rb0t/lp_bsp_ui/index.html</td></tr></table>]]></OperationData>
                                        <Properties>
                                            <Property>
                                                <Name><![CDATA[type]]></Name>
                                                <Value><![CDATA[internet explorer]]></Value>
                                            </Property>
                                            <Property>
                                                <Name><![CDATA[version]]></Name>
                                                <Value><![CDATA[11]]></Value>
                                            </Property>
                                        </Properties>
                                    </TestObject>
                                    <IsHtmlErrorText>true</IsHtmlErrorText>
                                    <IconKey>Browser</IconKey>
                                    <CustomUIElements>
                                        <DescriptionLabel>Data</DescriptionLabel>
                                    </CustomUIElements>
                                    <Descriptive>
                                        <TestObject>
                                            <Path>
                                                <Object>
                                                    <Type>Web.Browser</Type>
                                                    <Name><![CDATA[Bosch-Zünder Online]]></Name>
                                                    <IconKey>Browser</IconKey>
                                                </Object>
                                            </Path>
                                        </TestObject>
                                    </Descriptive>
                                    <HideContextInfo>true</HideContextInfo>
                                </Any>
                            </Extension>
                        </Data>
                    </ReportNode>
                    <ReportNode type="Step">
                        <Data>
                            <Name><![CDATA[sap-user.setValue]]></Name>
                            <Description><![CDATA[<style>.ex-table{border-collapse: collapse !important;width: auto;height: auto;}.ex-table,.ex-table tr,.ex-table td{border: 1px solid #c6c6c6;}.ex-table td{padding: 5px 10px;vertical-align: top;width: auto;}.ex-table .ex-name{font-size: 13px;font-weight: bold;background-color: #f3f3f3;white-space: nowrap;}.ex-table .ex-value{color: #5a5a5a;}</style><table class='ex-table'><tr><td class='ex-name'>arg0</td><td class='ex-value'>T_ECPRE5_XT0</td></tr></table>]]></Description>
                            <StartTime>2019-03-01 15:44:54</StartTime>
                            <Result>Passed</Result>
                            <Links/>
                            <Duration><![CDATA[00:00:00.208]]></Duration>
                            <Extension>
                                <Any>
                                    <TestObject>
                                        <Path>
                                            <Object>
                                                <Type>Web.Browser</Type>
                                                <Name><![CDATA[Logon - SAP Web Application Server]]></Name>
                                            </Object>
                                            <Object>
                                                <Type>Web.Page</Type>
                                                <Name><![CDATA[Logon - SAP Web Application Server]]></Name>
                                            </Object>
                                            <Object>
                                                <Type>Web.EditField</Type>
                                                <Name><![CDATA[sap-user]]></Name>
                                            </Object>
                                        </Path>
                                        <Operation>setValue</Operation>
                                        <OperationData><![CDATA[<style>.ex-table{border-collapse: collapse !important;width: auto;height: auto;}.ex-table,.ex-table tr,.ex-table td{border: 1px solid #c6c6c6;}.ex-table td{padding: 5px 10px;vertical-align: top;width: auto;}.ex-table .ex-name{font-size: 13px;font-weight: bold;background-color: #f3f3f3;white-space: nowrap;}.ex-table .ex-value{color: #5a5a5a;}</style><table class='ex-table'><tr><td class='ex-name'>arg0</td><td class='ex-value'>T_ECPRE5_XT0</td></tr></table>]]></OperationData>
                                        <Properties>
                                            <Property>
                                                <Name><![CDATA[type]]></Name>
                                                <Value><![CDATA[text]]></Value>
                                            </Property>
                                            <Property>
                                                <Name><![CDATA[name]]></Name>
                                                <Value><![CDATA[sap-user]]></Value>
                                            </Property>
                                            <Property>
                                                <Name><![CDATA[tagName]]></Name>
                                                <Value><![CDATA[INPUT]]></Value>
                                            </Property>
                                        </Properties>
                                    </TestObject>
                                    <IsHtmlErrorText>true</IsHtmlErrorText>
                                    <IconKey>EditField</IconKey>
                                    <CustomUIElements>
                                        <DescriptionLabel>Data</DescriptionLabel>
                                    </CustomUIElements>
                                    <ApplicationModel>
                                        <LogicalName>ApplicationModel</LogicalName>
                                        <ClassName><![CDATA[LeanFT_FW.ApplicationModel]]></ClassName>
                                        <TestObject>
                                            <Path>
                                                <Object>
                                                    <Type>Web.Browser</Type>
                                                    <Name><![CDATA[Logon - SAP Web Application Server]]></Name>
                                                    <IconKey>Browser</IconKey>
                                                </Object>
                                                <Object>
                                                    <Type>Web.Page</Type>
                                                    <Name><![CDATA[Logon - SAP Web Application Server]]></Name>
                                                    <IconKey>Page</IconKey>
                                                </Object>
                                                <Object>
                                                    <Type>Web.EditField</Type>
                                                    <Name><![CDATA[sap-user]]></Name>
                                                    <IconKey>EditField</IconKey>
                                                </Object>
                                            </Path>
                                        </TestObject>
                                    </ApplicationModel>
                                    <HideContextInfo>true</HideContextInfo>
                                </Any>
                            </Extension>
                        </Data>
                    </ReportNode>
                    <ReportNode type="CustomStep">
                        <Data>
                            <Name><![CDATA[Input value [T_ECPRE5_XT0] into [User] EditField]]></Name>
                            <Description/>
                            <StartTime>2019-03-01 15:44:55</StartTime>
                            <Result>Passed</Result>
                            <Links/>
                            <Duration><![CDATA[00:00:00.000]]></Duration>
                            <Extension>
                                <Any>
                                    <IconKey>CustomStep</IconKey>
                                    <IsHtmlErrorText>true</IsHtmlErrorText>
                                </Any>
                            </Extension>
                        </Data>
                    </ReportNode>
                    <ReportNode type="Step">
                        <Data>
                            <Name><![CDATA[sap-password.setValue]]></Name>
                            <Description><![CDATA[<style>.ex-table{border-collapse: collapse !important;width: auto;height: auto;}.ex-table,.ex-table tr,.ex-table td{border: 1px solid #c6c6c6;}.ex-table td{padding: 5px 10px;vertical-align: top;width: auto;}.ex-table .ex-name{font-size: 13px;font-weight: bold;background-color: #f3f3f3;white-space: nowrap;}.ex-table .ex-value{color: #5a5a5a;}</style><table class='ex-table'><tr><td class='ex-name'>arg0</td><td class='ex-value'>ECMFuture#02!</td></tr></table>]]></Description>
                            <StartTime>2019-03-01 15:44:55</StartTime>
                            <Result>Passed</Result>
                            <Links/>
                            <Duration><![CDATA[00:00:00.072]]></Duration>
                            <Extension>
                                <Any>
                                    <TestObject>
                                        <Path>
                                            <Object>
                                                <Type>Web.Browser</Type>
                                                <Name><![CDATA[Logon - SAP Web Application Server]]></Name>
                                            </Object>
                                            <Object>
                                                <Type>Web.Page</Type>
                                                <Name><![CDATA[Logon - SAP Web Application Server]]></Name>
                                            </Object>
                                            <Object>
                                                <Type>Web.EditField</Type>
                                                <Name><![CDATA[sap-password]]></Name>
                                            </Object>
                                        </Path>
                                        <Operation>setValue</Operation>
                                        <OperationData><![CDATA[<style>.ex-table{border-collapse: collapse !important;width: auto;height: auto;}.ex-table,.ex-table tr,.ex-table td{border: 1px solid #c6c6c6;}.ex-table td{padding: 5px 10px;vertical-align: top;width: auto;}.ex-table .ex-name{font-size: 13px;font-weight: bold;background-color: #f3f3f3;white-space: nowrap;}.ex-table .ex-value{color: #5a5a5a;}</style><table class='ex-table'><tr><td class='ex-name'>arg0</td><td class='ex-value'>ECMFuture#02!</td></tr></table>]]></OperationData>
                                        <Properties>
                                            <Property>
                                                <Name><![CDATA[type]]></Name>
                                                <Value><![CDATA[password]]></Value>
                                            </Property>
                                            <Property>
                                                <Name><![CDATA[name]]></Name>
                                                <Value><![CDATA[sap-password]]></Value>
                                            </Property>
                                            <Property>
                                                <Name><![CDATA[tagName]]></Name>
                                                <Value><![CDATA[INPUT]]></Value>
                                            </Property>
                                        </Properties>
                                    </TestObject>
                                    <IsHtmlErrorText>true</IsHtmlErrorText>
                                    <IconKey>EditField</IconKey>
                                    <CustomUIElements>
                                        <DescriptionLabel>Data</DescriptionLabel>
                                    </CustomUIElements>
                                    <ApplicationModel>
                                        <LogicalName>ApplicationModel</LogicalName>
                                        <ClassName><![CDATA[LeanFT_FW.ApplicationModel]]></ClassName>
                                        <TestObject>
                                            <Path>
                                                <Object>
                                                    <Type>Web.Browser</Type>
                                                    <Name><![CDATA[Logon - SAP Web Application Server]]></Name>
                                                    <IconKey>Browser</IconKey>
                                                </Object>
                                                <Object>
                                                    <Type>Web.Page</Type>
                                                    <Name><![CDATA[Logon - SAP Web Application Server]]></Name>
                                                    <IconKey>Page</IconKey>
                                                </Object>
                                                <Object>
                                                    <Type>Web.EditField</Type>
                                                    <Name><![CDATA[sap-password]]></Name>
                                                    <IconKey>EditField</IconKey>
                                                </Object>
                                            </Path>
                                        </TestObject>
                                    </ApplicationModel>
                                    <HideContextInfo>true</HideContextInfo>
                                </Any>
                            </Extension>
                        </Data>
                    </ReportNode>
                    <ReportNode type="CustomStep">
                        <Data>
                            <Name><![CDATA[Input value [ECMFuture#02!] into [Password] EditField]]></Name>
                            <Description/>
                            <StartTime>2019-03-01 15:44:55</StartTime>
                            <Result>Passed</Result>
                            <Links/>
                            <Duration><![CDATA[00:00:00.000]]></Duration>
                            <Extension>
                                <Any>
                                    <IconKey>CustomStep</IconKey>
                                    <IsHtmlErrorText>true</IsHtmlErrorText>
                                </Any>
                            </Extension>
                        </Data>
                    </ReportNode>
                    <ReportNode type="Step">
                        <Data>
                            <Name><![CDATA[Log On.highlight]]></Name>
                            <Description/>
                            <StartTime>2019-03-01 15:44:55</StartTime>
                            <Result>Failed</Result>
                            <ErrorText><![CDATA[<b>Operation 'Log On.highlight' failed:</b><BR/><pre>com.hp.lft.sdk.ReplayObjectNotFoundException: Cannot identify the object &quot;Web Link&quot;.
Verify that this object&apos;s properties match an object currently displayed in your application.
	at com.hp.lft.sdk.internal.ReplayExceptionFactory$1.create(ReplayExceptionFactory.java:34)
	at com.hp.lft.sdk.internal.ReplayExceptionFactory.createOrDefault(ReplayExceptionFactory.java:197)
	at com.hp.lft.sdk.internal.ReplayExceptionFactory.createOrDefault(ReplayExceptionFactory.java:21)
	at com.hp.lft.sdk.internal.TestObjectExecuterBehaviorBase$ReplayErrorHandler.onError(TestObjectExecuterBehaviorBase.java:65)
	at com.hp.lft.sdk.internal.CommunicationClientImpl.handleError(CommunicationClientImpl.java:221)
	at com.hp.lft.sdk.internal.CommunicationClientImpl.send(CommunicationClientImpl.java:96)
	at com.hp.lft.sdk.internal.TestObjectExecuterBehavior.executeMethod(TestObjectExecuter.java:33)
	at com.hp.lft.sdk.internal.TestObjectBase.executeMethod(TestObjectBase.java:119)
	at com.hp.lft.sdk.internal.TestObjectBase$3.invoke(TestObjectBase.java:111)
	at com.hp.lft.sdk.internal.TestObjectOperationWrapper.executeWithEvents(TestObjectOperationWrapper.java:81)
	at com.hp.lft.sdk.internal.TestObjectBase.highlight(TestObjectBase.java:114)
	at LeanFT_FW.ApplicationModel$LinkNodeBase.highlight(ApplicationModel.java:1096)
	at utils.CommonWebActions.click(CommonWebActions.java:15)
	at pages.LoginPage.login(LoginPage.java:24)
	at testcases.TC001_Login.login(TC001_Login.java:43)
	at sun.reflect.NativeMethodAccessorImpl.invoke0(Native Method)
	at sun.reflect.NativeMethodAccessorImpl.invoke(NativeMethodAccessorImpl.java:62)
	at sun.reflect.DelegatingMethodAccessorImpl.invoke(DelegatingMethodAccessorImpl.java:43)
	at java.lang.reflect.Method.invoke(Method.java:498)
	at org.junit.runners.model.FrameworkMethod$1.runReflectiveCall(FrameworkMethod.java:50)
	at org.junit.internal.runners.model.ReflectiveCallable.run(ReflectiveCallable.java:12)
	at org.junit.runners.model.FrameworkMethod.invokeExplosively(FrameworkMethod.java:47)
	at org.junit.internal.runners.statements.InvokeMethod.evaluate(InvokeMethod.java:17)
	at org.junit.internal.runners.statements.RunBefores.evaluate(RunBefores.java:26)
	at org.junit.internal.runners.statements.RunAfters.evaluate(RunAfters.java:27)
	at org.junit.rules.TestWatcher$1.evaluate(TestWatcher.java:55)
	at org.junit.rules.RunRules.evaluate(RunRules.java:20)
	at org.junit.runners.ParentRunner.runLeaf(ParentRunner.java:325)
	at org.junit.runners.BlockJUnit4ClassRunner.runChild(BlockJUnit4ClassRunner.java:78)
	at org.junit.runners.BlockJUnit4ClassRunner.runChild(BlockJUnit4ClassRunner.java:57)
	at org.junit.runners.ParentRunner$3.run(ParentRunner.java:290)
	at org.junit.runners.ParentRunner$1.schedule(ParentRunner.java:71)
	at org.junit.runners.ParentRunner.runChildren(ParentRunner.java:288)
	at org.junit.runners.ParentRunner.access$000(ParentRunner.java:58)
	at org.junit.runners.ParentRunner$2.evaluate(ParentRunner.java:268)
	at org.junit.internal.runners.statements.RunBefores.evaluate(RunBefores.java:26)
	at org.junit.internal.runners.statements.RunAfters.evaluate(RunAfters.java:27)
	at org.junit.rules.TestWatcher$1.evaluate(TestWatcher.java:55)
	at org.junit.rules.RunRules.evaluate(RunRules.java:20)
	at org.junit.runners.ParentRunner.run(ParentRunner.java:363)
	at org.eclipse.jdt.internal.junit4.runner.JUnit4TestReference.run(JUnit4TestReference.java:89)
	at org.eclipse.jdt.internal.junit.runner.TestExecution.run(TestExecution.java:41)
	at org.eclipse.jdt.internal.junit.runner.RemoteTestRunner.runTests(RemoteTestRunner.java:541)
	at org.eclipse.jdt.internal.junit.runner.RemoteTestRunner.runTests(RemoteTestRunner.java:763)
	at org.eclipse.jdt.internal.junit.runner.RemoteTestRunner.run(RemoteTestRunner.java:463)
	at org.eclipse.jdt.internal.junit.runner.RemoteTestRunner.main(RemoteTestRunner.java:209)
</pre>]]></ErrorText>
                            <Links/>
                            <Duration><![CDATA[00:00:11.234]]></Duration>
                            <Extension>
                                <Any>
                                    <TestObject>
                                        <Path>
                                            <Object>
                                                <Type>Web.Browser</Type>
                                                <Name><![CDATA[Logon - SAP Web Application Server]]></Name>
                                            </Object>
                                            <Object>
                                                <Type>Web.Page</Type>
                                                <Name><![CDATA[Logon - SAP Web Application Server]]></Name>
                                            </Object>
                                            <Object>
                                                <Type>Web.Link</Type>
                                                <Name><![CDATA[Log On]]></Name>
                                            </Object>
                                        </Path>
                                        <Operation>highlight</Operation>
                                        <OperationData/>
                                        <Properties>
                                            <Property>
                                                <Name><![CDATA[innerText]]></Name>
                                                <Value><![CDATA[Log On A]]></Value>
                                            </Property>
                                            <Property>
                                                <Name><![CDATA[tagName]]></Name>
                                                <Value><![CDATA[A]]></Value>
                                            </Property>
                                        </Properties>
                                    </TestObject>
                                    <IsHtmlErrorText>true</IsHtmlErrorText>
                                    <IconKey>Link</IconKey>
                                    <CustomUIElements>
                                        <DescriptionLabel>Data</DescriptionLabel>
                                    </CustomUIElements>
                                    <ApplicationModel>
                                        <LogicalName>ApplicationModel</LogicalName>
                                        <ClassName><![CDATA[LeanFT_FW.ApplicationModel]]></ClassName>
                                        <TestObject>
                                            <Path>
                                                <Object>
                                                    <Type>Web.Browser</Type>
                                                    <Name><![CDATA[Logon - SAP Web Application Server]]></Name>
                                                    <IconKey>Browser</IconKey>
                                                </Object>
                                                <Object>
                                                    <Type>Web.Page</Type>
                                                    <Name><![CDATA[Logon - SAP Web Application Server]]></Name>
                                                    <IconKey>Page</IconKey>
                                                </Object>
                                                <Object>
                                                    <Type>Web.Link</Type>
                                                    <Name><![CDATA[Log On]]></Name>
                                                    <IconKey>Link</IconKey>
                                                </Object>
                                            </Path>
                                        </TestObject>
                                    </ApplicationModel>
                                    <HideContextInfo>true</HideContextInfo>
                                </Any>
                            </Extension>
                        </Data>
                    </ReportNode>
                    <ReportNode type="CustomStep">
                        <Data>
                            <Name><![CDATA[Clicked on [Log On] link]]></Name>
                            <Description><![CDATA[ERROR: Cannot identify the object "Web Link".
Verify that this object's properties match an object currently displayed in your application.]]></Description>
                            <StartTime>2019-03-01 15:45:06</StartTime>
                            <Result>Failed</Result>
                            <Links/>
                            <Duration><![CDATA[00:00:00.000]]></Duration>
                            <Extension>
                                <Any>
                                    <IconKey>CustomStep</IconKey>
                                    <IsHtmlErrorText>true</IsHtmlErrorText>
                                    <StepCustomImagePath><![CDATA[Resources\User\d82aba2c-817d-4cac-a5bf-36a3ab72eeae.png]]></StepCustomImagePath>
                                </Any>
                            </Extension>
                        </Data>
                    </ReportNode>
                    <ReportNode type="RunTimeError">
                        <Data>
                            <Name/>
                            <Description/>
                            <StartTime>2019-03-01 15:45:06</StartTime>
                            <Result>Failed</Result>
                            <ErrorText><![CDATA[<pre>java.lang.AssertionError
	at org.junit.Assert.fail(Assert.java:86)
	at org.junit.Assert.assertTrue(Assert.java:41)
	at org.junit.Assert.assertTrue(Assert.java:52)
	at utils.UnitTestClassBase.assertStep(UnitTestClassBase.java:134)
	at utils.CommonWebActions.click(CommonWebActions.java:19)
	at pages.LoginPage.login(LoginPage.java:24)
	at testcases.TC001_Login.login(TC001_Login.java:43)
	at sun.reflect.NativeMethodAccessorImpl.invoke0(Native Method)
	at sun.reflect.NativeMethodAccessorImpl.invoke(NativeMethodAccessorImpl.java:62)
	at sun.reflect.DelegatingMethodAccessorImpl.invoke(DelegatingMethodAccessorImpl.java:43)
	at java.lang.reflect.Method.invoke(Method.java:498)
	at org.junit.runners.model.FrameworkMethod$1.runReflectiveCall(FrameworkMethod.java:50)
	at org.junit.internal.runners.model.ReflectiveCallable.run(ReflectiveCallable.java:12)
	at org.junit.runners.model.FrameworkMethod.invokeExplosively(FrameworkMethod.java:47)
	at org.junit.internal.runners.statements.InvokeMethod.evaluate(InvokeMethod.java:17)
	at org.junit.internal.runners.statements.RunBefores.evaluate(RunBefores.java:26)
	at org.junit.internal.runners.statements.RunAfters.evaluate(RunAfters.java:27)
	at org.junit.rules.TestWatcher$1.evaluate(TestWatcher.java:55)
	at org.junit.rules.RunRules.evaluate(RunRules.java:20)
	at org.junit.runners.ParentRunner.runLeaf(ParentRunner.java:325)
	at org.junit.runners.BlockJUnit4ClassRunner.runChild(BlockJUnit4ClassRunner.java:78)
	at org.junit.runners.BlockJUnit4ClassRunner.runChild(BlockJUnit4ClassRunner.java:57)
	at org.junit.runners.ParentRunner$3.run(ParentRunner.java:290)
	at org.junit.runners.ParentRunner$1.schedule(ParentRunner.java:71)
	at org.junit.runners.ParentRunner.runChildren(ParentRunner.java:288)
	at org.junit.runners.ParentRunner.access$000(ParentRunner.java:58)
	at org.junit.runners.ParentRunner$2.evaluate(ParentRunner.java:268)
	at org.junit.internal.runners.statements.RunBefores.evaluate(RunBefores.java:26)
	at org.junit.internal.runners.statements.RunAfters.evaluate(RunAfters.java:27)
	at org.junit.rules.TestWatcher$1.evaluate(TestWatcher.java:55)
	at org.junit.rules.RunRules.evaluate(RunRules.java:20)
	at org.junit.runners.ParentRunner.run(ParentRunner.java:363)
	at org.eclipse.jdt.internal.junit4.runner.JUnit4TestReference.run(JUnit4TestReference.java:89)
	at org.eclipse.jdt.internal.junit.runner.TestExecution.run(TestExecution.java:41)
	at org.eclipse.jdt.internal.junit.runner.RemoteTestRunner.runTests(RemoteTestRunner.java:541)
	at org.eclipse.jdt.internal.junit.runner.RemoteTestRunner.runTests(RemoteTestRunner.java:763)
	at org.eclipse.jdt.internal.junit.runner.RemoteTestRunner.run(RemoteTestRunner.java:463)
	at org.eclipse.jdt.internal.junit.runner.RemoteTestRunner.main(RemoteTestRunner.java:209)
</pre>]]></ErrorText>
                            <Links/>
                            <Duration><![CDATA[00:00:00.000]]></Duration>
                            <Extension>
                                <Any>
                                    <IconKey>RunTimeError</IconKey>
                                    <IsHtmlErrorText>true</IsHtmlErrorText>
                                </Any>
                            </Extension>
                        </Data>
                    </ReportNode>
                </ReportNode>
            </ReportNode>
        </ReportNode>
    </ReportNode>
</Results>
