﻿{"Results":{"GeneralInfo":{"Timezone":"SE Asia Standard Time","ReportTitle":"LeanFT Report","OrchestrationToolName":"JUnit","RunStartTime":"2019-03-01 15:44:47"},"ReportNode":{"@type":"Run","Data":{"Extension":{"Any":{"IconKey":"Run","IsHtmlErrorText":"true"}},"Description":{"#cdata-section":" "},"ToolName":"LeanFT","StartTime":"2019-03-01 15:44:47","Environment":{"Locale":{"#cdata-section":"en-US"},"Timezone":"SE Asia Standard Time","OSInfo":{"#cdata-section":"Microsoft Windows NT 6.2.9200.0"},"User":"HQP1HC","NumberOfCores":"4","TotalMemory":"7847","HostName":{"#cdata-section":"HC-UT41234C"}},"Duration":{"#cdata-section":"00:00:18.977"},"ToolVersion":{"#cdata-section":"14.03"},"Name":"Run Results","Result":"Failed"},"ReportNode":{"@type":"Package","Data":{"Extension":{"Any":{"IconKey":"Package","IsHtmlErrorText":"true"}},"Description":{"#cdata-section":"Version: N/A"},"StartTime":"2019-03-01 15:44:48","Duration":{"#cdata-section":"00:00:18.763"},"Name":"testcases","Result":"Failed"},"ReportNode":{"@type":"Class","Data":{"Extension":{"Any":{"IconKey":"Class","IsHtmlErrorText":"true"}},"StartTime":"2019-03-01 15:44:48","Duration":{"#cdata-section":"00:00:18.763"},"Name":{"#cdata-section":"testcases.TC001_Login"},"Result":"Failed"},"ReportNode":{"@type":"Test","Data":{"Extension":{"Any":{"IconKey":"Test","IsHtmlErrorText":"true"}},"ErrorText":{"#cdata-section":"\u003cpre\u003ejava.lang.AssertionError\n\tat org.junit.Assert.fail(Assert.java:86)\n\tat org.junit.Assert.assertTrue(Assert.java:41)\n\tat org.junit.Assert.assertTrue(Assert.java:52)\n\tat utils.UnitTestClassBase.assertStep(UnitTestClassBase.java:134)\n\tat utils.CommonWebActions.click(CommonWebActions.java:19)\n\tat pages.LoginPage.login(LoginPage.java:24)\n\tat testcases.TC001_Login.login(TC001_Login.java:43)\n\tat sun.reflect.NativeMethodAccessorImpl.invoke0(Native Method)\n\tat sun.reflect.NativeMethodAccessorImpl.invoke(NativeMethodAccessorImpl.java:62)\n\tat sun.reflect.DelegatingMethodAccessorImpl.invoke(DelegatingMethodAccessorImpl.java:43)\n\tat java.lang.reflect.Method.invoke(Method.java:498)\n\tat org.junit.runners.model.FrameworkMethod$1.runReflectiveCall(FrameworkMethod.java:50)\n\tat org.junit.internal.runners.model.ReflectiveCallable.run(ReflectiveCallable.java:12)\n\tat org.junit.runners.model.FrameworkMethod.invokeExplosively(FrameworkMethod.java:47)\n\tat org.junit.internal.runners.statements.InvokeMethod.evaluate(InvokeMethod.java:17)\n\tat org.junit.internal.runners.statements.RunBefores.evaluate(RunBefores.java:26)\n\tat org.junit.internal.runners.statements.RunAfters.evaluate(RunAfters.java:27)\n\tat org.junit.rules.TestWatcher$1.evaluate(TestWatcher.java:55)\n\tat org.junit.rules.RunRules.evaluate(RunRules.java:20)\n\tat org.junit.runners.ParentRunner.runLeaf(ParentRunner.java:325)\n\tat org.junit.runners.BlockJUnit4ClassRunner.runChild(BlockJUnit4ClassRunner.java:78)\n\tat org.junit.runners.BlockJUnit4ClassRunner.runChild(BlockJUnit4ClassRunner.java:57)\n\tat org.junit.runners.ParentRunner$3.run(ParentRunner.java:290)\n\tat org.junit.runners.ParentRunner$1.schedule(ParentRunner.java:71)\n\tat org.junit.runners.ParentRunner.runChildren(ParentRunner.java:288)\n\tat org.junit.runners.ParentRunner.access$000(ParentRunner.java:58)\n\tat org.junit.runners.ParentRunner$2.evaluate(ParentRunner.java:268)\n\tat org.junit.internal.runners.statements.RunBefores.evaluate(RunBefores.java:26)\n\tat org.junit.internal.runners.statements.RunAfters.evaluate(RunAfters.java:27)\n\tat org.junit.rules.TestWatcher$1.evaluate(TestWatcher.java:55)\n\tat org.junit.rules.RunRules.evaluate(RunRules.java:20)\n\tat org.junit.runners.ParentRunner.run(ParentRunner.java:363)\n\tat org.eclipse.jdt.internal.junit4.runner.JUnit4TestReference.run(JUnit4TestReference.java:89)\n\tat org.eclipse.jdt.internal.junit.runner.TestExecution.run(TestExecution.java:41)\n\tat org.eclipse.jdt.internal.junit.runner.RemoteTestRunner.runTests(RemoteTestRunner.java:541)\n\tat org.eclipse.jdt.internal.junit.runner.RemoteTestRunner.runTests(RemoteTestRunner.java:763)\n\tat org.eclipse.jdt.internal.junit.runner.RemoteTestRunner.run(RemoteTestRunner.java:463)\n\tat org.eclipse.jdt.internal.junit.runner.RemoteTestRunner.main(RemoteTestRunner.java:209)\n\u003c/pre\u003e"},"StartTime":"2019-03-01 15:44:48","Duration":{"#cdata-section":"00:00:18.758"},"Name":"login","Result":"Failed"},"ReportNode":[{"@type":"Step","Data":{"Extension":{"Any":{"IconKey":"Browser","CustomUIElements":{"DescriptionLabel":"Data","FlowTreeNodeCaption":{"#cdata-section":"Browser.\u003cspan class\u003d\u0027emphasis\u0027\u003elaunch(\"Internet Explorer\")\u003c/span\u003e"},"FlowTreeNodeTooltip":{"#cdata-section":"Browser.launch(\"Internet Explorer\")"}},"TestObject":{"OperationData":{"#cdata-section":"\u003cstyle\u003e.ex-table{border-collapse: collapse !important;width: auto;height: auto;}.ex-table,.ex-table tr,.ex-table td{border: 1px solid #c6c6c6;}.ex-table td{padding: 5px 10px;vertical-align: top;width: auto;}.ex-table .ex-name{font-size: 13px;font-weight: bold;background-color: #f3f3f3;white-space: nowrap;}.ex-table .ex-value{color: #5a5a5a;}\u003c/style\u003e\u003ctable class\u003d\u0027ex-table\u0027\u003e\u003ctr\u003e\u003ctd class\u003d\u0027ex-name\u0027\u003earg0\u003c/td\u003e\u003ctd class\u003d\u0027ex-value\u0027\u003eINTERNET_EXPLORER\u003c/td\u003e\u003c/tr\u003e\u003c/table\u003e\u003cstyle\u003e.ex-table{border-collapse: collapse !important;width: auto;height: auto;}.ex-table,.ex-table tr,.ex-table td{border: 1px solid #c6c6c6;}.ex-table td{padding: 5px 10px;vertical-align: top;width: auto;}.ex-table .ex-name{font-size: 13px;font-weight: bold;background-color: #f3f3f3;white-space: nowrap;}.ex-table .ex-value{color: #5a5a5a;}\u003c/style\u003e\u003cp\u003e\u003cdiv class\u003ddata-label\u003e\u003chr\u003e\u003cb\u003eBrowser Information\u003c/b\u003e\u003c/div\u003e \u003c/p\u003e\u003cstyle\u003e.ex-table{border-collapse: collapse !important;width: auto;height: auto;}.ex-table,.ex-table tr,.ex-table td{border: 1px solid #c6c6c6;}.ex-table td{padding: 5px 10px;vertical-align: top;width: auto;}.ex-table .ex-name{font-size: 13px;font-weight: bold;background-color: #f3f3f3;white-space: nowrap;}.ex-table .ex-value{color: #5a5a5a;}\u003c/style\u003e\u003ctable class\u003d\u0027ex-table\u0027\u003e\u003ctr\u003e\u003ctd class\u003d\u0027ex-name\u0027\u003etype\u003c/td\u003e\u003ctd class\u003d\u0027ex-value\u0027\u003einternet explorer\u003c/td\u003e\u003c/tr\u003e\u003ctr\u003e\u003ctd class\u003d\u0027ex-name\u0027\u003eversion\u003c/td\u003e\u003ctd class\u003d\u0027ex-value\u0027\u003e11\u003c/td\u003e\u003c/tr\u003e\u003c/table\u003e"},"Operation":"launch"},"IsHtmlErrorText":"true","HideContextInfo":"true"}},"Description":{"#cdata-section":"\u003cstyle\u003e.ex-table{border-collapse: collapse !important;width: auto;height: auto;}.ex-table,.ex-table tr,.ex-table td{border: 1px solid #c6c6c6;}.ex-table td{padding: 5px 10px;vertical-align: top;width: auto;}.ex-table .ex-name{font-size: 13px;font-weight: bold;background-color: #f3f3f3;white-space: nowrap;}.ex-table .ex-value{color: #5a5a5a;}\u003c/style\u003e\u003ctable class\u003d\u0027ex-table\u0027\u003e\u003ctr\u003e\u003ctd class\u003d\u0027ex-name\u0027\u003earg0\u003c/td\u003e\u003ctd class\u003d\u0027ex-value\u0027\u003eINTERNET_EXPLORER\u003c/td\u003e\u003c/tr\u003e\u003c/table\u003e\u003cstyle\u003e.ex-table{border-collapse: collapse !important;width: auto;height: auto;}.ex-table,.ex-table tr,.ex-table td{border: 1px solid #c6c6c6;}.ex-table td{padding: 5px 10px;vertical-align: top;width: auto;}.ex-table .ex-name{font-size: 13px;font-weight: bold;background-color: #f3f3f3;white-space: nowrap;}.ex-table .ex-value{color: #5a5a5a;}\u003c/style\u003e\u003cp\u003e\u003cdiv class\u003ddata-label\u003e\u003chr\u003e\u003cb\u003eBrowser Information\u003c/b\u003e\u003c/div\u003e \u003c/p\u003e\u003cstyle\u003e.ex-table{border-collapse: collapse !important;width: auto;height: auto;}.ex-table,.ex-table tr,.ex-table td{border: 1px solid #c6c6c6;}.ex-table td{padding: 5px 10px;vertical-align: top;width: auto;}.ex-table .ex-name{font-size: 13px;font-weight: bold;background-color: #f3f3f3;white-space: nowrap;}.ex-table .ex-value{color: #5a5a5a;}\u003c/style\u003e\u003ctable class\u003d\u0027ex-table\u0027\u003e\u003ctr\u003e\u003ctd class\u003d\u0027ex-name\u0027\u003etype\u003c/td\u003e\u003ctd class\u003d\u0027ex-value\u0027\u003einternet explorer\u003c/td\u003e\u003c/tr\u003e\u003ctr\u003e\u003ctd class\u003d\u0027ex-name\u0027\u003eversion\u003c/td\u003e\u003ctd class\u003d\u0027ex-value\u0027\u003e11\u003c/td\u003e\u003c/tr\u003e\u003c/table\u003e"},"StartTime":"2019-03-01 15:44:48","Duration":{"#cdata-section":"00:00:00.000"},"Name":{"#cdata-section":"Browser.launch"},"Result":"Passed"}},{"@type":"Step","Data":{"Extension":{"Any":{"IconKey":"Browser","CustomUIElements":{"DescriptionLabel":"Data"},"Descriptive":{"TestObject":{"Path":{"Object":{"IconKey":"Browser","Type":"Web.Browser","Name":{"#cdata-section":"Bosch-Zünder Online"}}}}},"TestObject":{"Path":{"Object":{"Type":"Web.Browser","Name":{"#cdata-section":"Bosch-Zünder Online"}}},"OperationData":{"#cdata-section":"\u003cstyle\u003e.ex-table{border-collapse: collapse !important;width: auto;height: auto;}.ex-table,.ex-table tr,.ex-table td{border: 1px solid #c6c6c6;}.ex-table td{padding: 5px 10px;vertical-align: top;width: auto;}.ex-table .ex-name{font-size: 13px;font-weight: bold;background-color: #f3f3f3;white-space: nowrap;}.ex-table .ex-value{color: #5a5a5a;}\u003c/style\u003e\u003ctable class\u003d\u0027ex-table\u0027\u003e\u003ctr\u003e\u003ctd class\u003d\u0027ex-name\u0027\u003earg0\u003c/td\u003e\u003ctd class\u003d\u0027ex-value\u0027\u003ehttps://rb3qt0a0.server.bosch.com:44375/sap/bc/ui5_ui5/rb0t/lp_bsp_ui/index.html\u003c/td\u003e\u003c/tr\u003e\u003c/table\u003e"},"Operation":"navigate","Properties":{"Property":[{"Value":{"#cdata-section":"internet explorer"},"Name":{"#cdata-section":"type"}},{"Value":{"#cdata-section":"11"},"Name":{"#cdata-section":"version"}}]}},"IsHtmlErrorText":"true","HideContextInfo":"true"}},"Description":{"#cdata-section":"\u003cstyle\u003e.ex-table{border-collapse: collapse !important;width: auto;height: auto;}.ex-table,.ex-table tr,.ex-table td{border: 1px solid #c6c6c6;}.ex-table td{padding: 5px 10px;vertical-align: top;width: auto;}.ex-table .ex-name{font-size: 13px;font-weight: bold;background-color: #f3f3f3;white-space: nowrap;}.ex-table .ex-value{color: #5a5a5a;}\u003c/style\u003e\u003ctable class\u003d\u0027ex-table\u0027\u003e\u003ctr\u003e\u003ctd class\u003d\u0027ex-name\u0027\u003earg0\u003c/td\u003e\u003ctd class\u003d\u0027ex-value\u0027\u003ehttps://rb3qt0a0.server.bosch.com:44375/sap/bc/ui5_ui5/rb0t/lp_bsp_ui/index.html\u003c/td\u003e\u003c/tr\u003e\u003c/table\u003e"},"StartTime":"2019-03-01 15:44:51","Duration":{"#cdata-section":"00:00:01.480"},"Name":{"#cdata-section":"Bosch-Zünder Online.navigate"},"Result":"Passed"}},{"@type":"Step","Data":{"Extension":{"Any":{"IconKey":"EditField","CustomUIElements":{"DescriptionLabel":"Data"},"TestObject":{"Path":{"Object":[{"Type":"Web.Browser","Name":{"#cdata-section":"Logon - SAP Web Application Server"}},{"Type":"Web.Page","Name":{"#cdata-section":"Logon - SAP Web Application Server"}},{"Type":"Web.EditField","Name":{"#cdata-section":"sap-user"}}]},"OperationData":{"#cdata-section":"\u003cstyle\u003e.ex-table{border-collapse: collapse !important;width: auto;height: auto;}.ex-table,.ex-table tr,.ex-table td{border: 1px solid #c6c6c6;}.ex-table td{padding: 5px 10px;vertical-align: top;width: auto;}.ex-table .ex-name{font-size: 13px;font-weight: bold;background-color: #f3f3f3;white-space: nowrap;}.ex-table .ex-value{color: #5a5a5a;}\u003c/style\u003e\u003ctable class\u003d\u0027ex-table\u0027\u003e\u003ctr\u003e\u003ctd class\u003d\u0027ex-name\u0027\u003earg0\u003c/td\u003e\u003ctd class\u003d\u0027ex-value\u0027\u003eT_ECPRE5_XT0\u003c/td\u003e\u003c/tr\u003e\u003c/table\u003e"},"Operation":"setValue","Properties":{"Property":[{"Value":{"#cdata-section":"text"},"Name":{"#cdata-section":"type"}},{"Value":{"#cdata-section":"sap-user"},"Name":{"#cdata-section":"name"}},{"Value":{"#cdata-section":"INPUT"},"Name":{"#cdata-section":"tagName"}}]}},"ApplicationModel":{"LogicalName":"ApplicationModel","ClassName":{"#cdata-section":"LeanFT_FW.ApplicationModel"},"TestObject":{"Path":{"Object":[{"IconKey":"Browser","Type":"Web.Browser","Name":{"#cdata-section":"Logon - SAP Web Application Server"}},{"IconKey":"Page","Type":"Web.Page","Name":{"#cdata-section":"Logon - SAP Web Application Server"}},{"IconKey":"EditField","Type":"Web.EditField","Name":{"#cdata-section":"sap-user"}}]}}},"IsHtmlErrorText":"true","HideContextInfo":"true"}},"Description":{"#cdata-section":"\u003cstyle\u003e.ex-table{border-collapse: collapse !important;width: auto;height: auto;}.ex-table,.ex-table tr,.ex-table td{border: 1px solid #c6c6c6;}.ex-table td{padding: 5px 10px;vertical-align: top;width: auto;}.ex-table .ex-name{font-size: 13px;font-weight: bold;background-color: #f3f3f3;white-space: nowrap;}.ex-table .ex-value{color: #5a5a5a;}\u003c/style\u003e\u003ctable class\u003d\u0027ex-table\u0027\u003e\u003ctr\u003e\u003ctd class\u003d\u0027ex-name\u0027\u003earg0\u003c/td\u003e\u003ctd class\u003d\u0027ex-value\u0027\u003eT_ECPRE5_XT0\u003c/td\u003e\u003c/tr\u003e\u003c/table\u003e"},"StartTime":"2019-03-01 15:44:54","Duration":{"#cdata-section":"00:00:00.208"},"Name":{"#cdata-section":"sap-user.setValue"},"Result":"Passed"}},{"@type":"CustomStep","Data":{"Extension":{"Any":{"IconKey":"CustomStep","IsHtmlErrorText":"true"}},"StartTime":"2019-03-01 15:44:55","Duration":{"#cdata-section":"00:00:00.000"},"Name":{"#cdata-section":"Input value [T_ECPRE5_XT0] into [User] EditField"},"Result":"Passed"}},{"@type":"Step","Data":{"Extension":{"Any":{"IconKey":"EditField","CustomUIElements":{"DescriptionLabel":"Data"},"TestObject":{"Path":{"Object":[{"Type":"Web.Browser","Name":{"#cdata-section":"Logon - SAP Web Application Server"}},{"Type":"Web.Page","Name":{"#cdata-section":"Logon - SAP Web Application Server"}},{"Type":"Web.EditField","Name":{"#cdata-section":"sap-password"}}]},"OperationData":{"#cdata-section":"\u003cstyle\u003e.ex-table{border-collapse: collapse !important;width: auto;height: auto;}.ex-table,.ex-table tr,.ex-table td{border: 1px solid #c6c6c6;}.ex-table td{padding: 5px 10px;vertical-align: top;width: auto;}.ex-table .ex-name{font-size: 13px;font-weight: bold;background-color: #f3f3f3;white-space: nowrap;}.ex-table .ex-value{color: #5a5a5a;}\u003c/style\u003e\u003ctable class\u003d\u0027ex-table\u0027\u003e\u003ctr\u003e\u003ctd class\u003d\u0027ex-name\u0027\u003earg0\u003c/td\u003e\u003ctd class\u003d\u0027ex-value\u0027\u003eECMFuture#02!\u003c/td\u003e\u003c/tr\u003e\u003c/table\u003e"},"Operation":"setValue","Properties":{"Property":[{"Value":{"#cdata-section":"password"},"Name":{"#cdata-section":"type"}},{"Value":{"#cdata-section":"sap-password"},"Name":{"#cdata-section":"name"}},{"Value":{"#cdata-section":"INPUT"},"Name":{"#cdata-section":"tagName"}}]}},"ApplicationModel":{"LogicalName":"ApplicationModel","ClassName":{"#cdata-section":"LeanFT_FW.ApplicationModel"},"TestObject":{"Path":{"Object":[{"IconKey":"Browser","Type":"Web.Browser","Name":{"#cdata-section":"Logon - SAP Web Application Server"}},{"IconKey":"Page","Type":"Web.Page","Name":{"#cdata-section":"Logon - SAP Web Application Server"}},{"IconKey":"EditField","Type":"Web.EditField","Name":{"#cdata-section":"sap-password"}}]}}},"IsHtmlErrorText":"true","HideContextInfo":"true"}},"Description":{"#cdata-section":"\u003cstyle\u003e.ex-table{border-collapse: collapse !important;width: auto;height: auto;}.ex-table,.ex-table tr,.ex-table td{border: 1px solid #c6c6c6;}.ex-table td{padding: 5px 10px;vertical-align: top;width: auto;}.ex-table .ex-name{font-size: 13px;font-weight: bold;background-color: #f3f3f3;white-space: nowrap;}.ex-table .ex-value{color: #5a5a5a;}\u003c/style\u003e\u003ctable class\u003d\u0027ex-table\u0027\u003e\u003ctr\u003e\u003ctd class\u003d\u0027ex-name\u0027\u003earg0\u003c/td\u003e\u003ctd class\u003d\u0027ex-value\u0027\u003eECMFuture#02!\u003c/td\u003e\u003c/tr\u003e\u003c/table\u003e"},"StartTime":"2019-03-01 15:44:55","Duration":{"#cdata-section":"00:00:00.072"},"Name":{"#cdata-section":"sap-password.setValue"},"Result":"Passed"}},{"@type":"CustomStep","Data":{"Extension":{"Any":{"IconKey":"CustomStep","IsHtmlErrorText":"true"}},"StartTime":"2019-03-01 15:44:55","Duration":{"#cdata-section":"00:00:00.000"},"Name":{"#cdata-section":"Input value [ECMFuture#02!] into [Password] EditField"},"Result":"Passed"}},{"@type":"Step","Data":{"Extension":{"Any":{"IconKey":"Link","CustomUIElements":{"DescriptionLabel":"Data"},"TestObject":{"Path":{"Object":[{"Type":"Web.Browser","Name":{"#cdata-section":"Logon - SAP Web Application Server"}},{"Type":"Web.Page","Name":{"#cdata-section":"Logon - SAP Web Application Server"}},{"Type":"Web.Link","Name":{"#cdata-section":"Log On"}}]},"Operation":"highlight","Properties":{"Property":[{"Value":{"#cdata-section":"Log On A"},"Name":{"#cdata-section":"innerText"}},{"Value":{"#cdata-section":"A"},"Name":{"#cdata-section":"tagName"}}]}},"ApplicationModel":{"LogicalName":"ApplicationModel","ClassName":{"#cdata-section":"LeanFT_FW.ApplicationModel"},"TestObject":{"Path":{"Object":[{"IconKey":"Browser","Type":"Web.Browser","Name":{"#cdata-section":"Logon - SAP Web Application Server"}},{"IconKey":"Page","Type":"Web.Page","Name":{"#cdata-section":"Logon - SAP Web Application Server"}},{"IconKey":"Link","Type":"Web.Link","Name":{"#cdata-section":"Log On"}}]}}},"IsHtmlErrorText":"true","HideContextInfo":"true"}},"ErrorText":{"#cdata-section":"\u003cb\u003eOperation \u0027Log On.highlight\u0027 failed:\u003c/b\u003e\u003cBR/\u003e\u003cpre\u003ecom.hp.lft.sdk.ReplayObjectNotFoundException: Cannot identify the object \u0026quot;Web Link\u0026quot;.\nVerify that this object\u0026apos;s properties match an object currently displayed in your application.\n\tat com.hp.lft.sdk.internal.ReplayExceptionFactory$1.create(ReplayExceptionFactory.java:34)\n\tat com.hp.lft.sdk.internal.ReplayExceptionFactory.createOrDefault(ReplayExceptionFactory.java:197)\n\tat com.hp.lft.sdk.internal.ReplayExceptionFactory.createOrDefault(ReplayExceptionFactory.java:21)\n\tat com.hp.lft.sdk.internal.TestObjectExecuterBehaviorBase$ReplayErrorHandler.onError(TestObjectExecuterBehaviorBase.java:65)\n\tat com.hp.lft.sdk.internal.CommunicationClientImpl.handleError(CommunicationClientImpl.java:221)\n\tat com.hp.lft.sdk.internal.CommunicationClientImpl.send(CommunicationClientImpl.java:96)\n\tat com.hp.lft.sdk.internal.TestObjectExecuterBehavior.executeMethod(TestObjectExecuter.java:33)\n\tat com.hp.lft.sdk.internal.TestObjectBase.executeMethod(TestObjectBase.java:119)\n\tat com.hp.lft.sdk.internal.TestObjectBase$3.invoke(TestObjectBase.java:111)\n\tat com.hp.lft.sdk.internal.TestObjectOperationWrapper.executeWithEvents(TestObjectOperationWrapper.java:81)\n\tat com.hp.lft.sdk.internal.TestObjectBase.highlight(TestObjectBase.java:114)\n\tat LeanFT_FW.ApplicationModel$LinkNodeBase.highlight(ApplicationModel.java:1096)\n\tat utils.CommonWebActions.click(CommonWebActions.java:15)\n\tat pages.LoginPage.login(LoginPage.java:24)\n\tat testcases.TC001_Login.login(TC001_Login.java:43)\n\tat sun.reflect.NativeMethodAccessorImpl.invoke0(Native Method)\n\tat sun.reflect.NativeMethodAccessorImpl.invoke(NativeMethodAccessorImpl.java:62)\n\tat sun.reflect.DelegatingMethodAccessorImpl.invoke(DelegatingMethodAccessorImpl.java:43)\n\tat java.lang.reflect.Method.invoke(Method.java:498)\n\tat org.junit.runners.model.FrameworkMethod$1.runReflectiveCall(FrameworkMethod.java:50)\n\tat org.junit.internal.runners.model.ReflectiveCallable.run(ReflectiveCallable.java:12)\n\tat org.junit.runners.model.FrameworkMethod.invokeExplosively(FrameworkMethod.java:47)\n\tat org.junit.internal.runners.statements.InvokeMethod.evaluate(InvokeMethod.java:17)\n\tat org.junit.internal.runners.statements.RunBefores.evaluate(RunBefores.java:26)\n\tat org.junit.internal.runners.statements.RunAfters.evaluate(RunAfters.java:27)\n\tat org.junit.rules.TestWatcher$1.evaluate(TestWatcher.java:55)\n\tat org.junit.rules.RunRules.evaluate(RunRules.java:20)\n\tat org.junit.runners.ParentRunner.runLeaf(ParentRunner.java:325)\n\tat org.junit.runners.BlockJUnit4ClassRunner.runChild(BlockJUnit4ClassRunner.java:78)\n\tat org.junit.runners.BlockJUnit4ClassRunner.runChild(BlockJUnit4ClassRunner.java:57)\n\tat org.junit.runners.ParentRunner$3.run(ParentRunner.java:290)\n\tat org.junit.runners.ParentRunner$1.schedule(ParentRunner.java:71)\n\tat org.junit.runners.ParentRunner.runChildren(ParentRunner.java:288)\n\tat org.junit.runners.ParentRunner.access$000(ParentRunner.java:58)\n\tat org.junit.runners.ParentRunner$2.evaluate(ParentRunner.java:268)\n\tat org.junit.internal.runners.statements.RunBefores.evaluate(RunBefores.java:26)\n\tat org.junit.internal.runners.statements.RunAfters.evaluate(RunAfters.java:27)\n\tat org.junit.rules.TestWatcher$1.evaluate(TestWatcher.java:55)\n\tat org.junit.rules.RunRules.evaluate(RunRules.java:20)\n\tat org.junit.runners.ParentRunner.run(ParentRunner.java:363)\n\tat org.eclipse.jdt.internal.junit4.runner.JUnit4TestReference.run(JUnit4TestReference.java:89)\n\tat org.eclipse.jdt.internal.junit.runner.TestExecution.run(TestExecution.java:41)\n\tat org.eclipse.jdt.internal.junit.runner.RemoteTestRunner.runTests(RemoteTestRunner.java:541)\n\tat org.eclipse.jdt.internal.junit.runner.RemoteTestRunner.runTests(RemoteTestRunner.java:763)\n\tat org.eclipse.jdt.internal.junit.runner.RemoteTestRunner.run(RemoteTestRunner.java:463)\n\tat org.eclipse.jdt.internal.junit.runner.RemoteTestRunner.main(RemoteTestRunner.java:209)\n\u003c/pre\u003e"},"StartTime":"2019-03-01 15:44:55","Duration":{"#cdata-section":"00:00:11.234"},"Name":{"#cdata-section":"Log On.highlight"},"Result":"Failed"}},{"@type":"CustomStep","Data":{"Extension":{"Any":{"IconKey":"CustomStep","StepCustomImagePath":{"#cdata-section":"Resources\\User\\d82aba2c-817d-4cac-a5bf-36a3ab72eeae.png"},"IsHtmlErrorText":"true"}},"Description":{"#cdata-section":"ERROR: Cannot identify the object \"Web Link\".\nVerify that this object\u0027s properties match an object currently displayed in your application."},"StartTime":"2019-03-01 15:45:06","Duration":{"#cdata-section":"00:00:00.000"},"Name":{"#cdata-section":"Clicked on [Log On] link"},"Result":"Failed"}},{"@type":"RunTimeError","Data":{"Extension":{"Any":{"IconKey":"RunTimeError","IsHtmlErrorText":"true"}},"ErrorText":{"#cdata-section":"\u003cpre\u003ejava.lang.AssertionError\n\tat org.junit.Assert.fail(Assert.java:86)\n\tat org.junit.Assert.assertTrue(Assert.java:41)\n\tat org.junit.Assert.assertTrue(Assert.java:52)\n\tat utils.UnitTestClassBase.assertStep(UnitTestClassBase.java:134)\n\tat utils.CommonWebActions.click(CommonWebActions.java:19)\n\tat pages.LoginPage.login(LoginPage.java:24)\n\tat testcases.TC001_Login.login(TC001_Login.java:43)\n\tat sun.reflect.NativeMethodAccessorImpl.invoke0(Native Method)\n\tat sun.reflect.NativeMethodAccessorImpl.invoke(NativeMethodAccessorImpl.java:62)\n\tat sun.reflect.DelegatingMethodAccessorImpl.invoke(DelegatingMethodAccessorImpl.java:43)\n\tat java.lang.reflect.Method.invoke(Method.java:498)\n\tat org.junit.runners.model.FrameworkMethod$1.runReflectiveCall(FrameworkMethod.java:50)\n\tat org.junit.internal.runners.model.ReflectiveCallable.run(ReflectiveCallable.java:12)\n\tat org.junit.runners.model.FrameworkMethod.invokeExplosively(FrameworkMethod.java:47)\n\tat org.junit.internal.runners.statements.InvokeMethod.evaluate(InvokeMethod.java:17)\n\tat org.junit.internal.runners.statements.RunBefores.evaluate(RunBefores.java:26)\n\tat org.junit.internal.runners.statements.RunAfters.evaluate(RunAfters.java:27)\n\tat org.junit.rules.TestWatcher$1.evaluate(TestWatcher.java:55)\n\tat org.junit.rules.RunRules.evaluate(RunRules.java:20)\n\tat org.junit.runners.ParentRunner.runLeaf(ParentRunner.java:325)\n\tat org.junit.runners.BlockJUnit4ClassRunner.runChild(BlockJUnit4ClassRunner.java:78)\n\tat org.junit.runners.BlockJUnit4ClassRunner.runChild(BlockJUnit4ClassRunner.java:57)\n\tat org.junit.runners.ParentRunner$3.run(ParentRunner.java:290)\n\tat org.junit.runners.ParentRunner$1.schedule(ParentRunner.java:71)\n\tat org.junit.runners.ParentRunner.runChildren(ParentRunner.java:288)\n\tat org.junit.runners.ParentRunner.access$000(ParentRunner.java:58)\n\tat org.junit.runners.ParentRunner$2.evaluate(ParentRunner.java:268)\n\tat org.junit.internal.runners.statements.RunBefores.evaluate(RunBefores.java:26)\n\tat org.junit.internal.runners.statements.RunAfters.evaluate(RunAfters.java:27)\n\tat org.junit.rules.TestWatcher$1.evaluate(TestWatcher.java:55)\n\tat org.junit.rules.RunRules.evaluate(RunRules.java:20)\n\tat org.junit.runners.ParentRunner.run(ParentRunner.java:363)\n\tat org.eclipse.jdt.internal.junit4.runner.JUnit4TestReference.run(JUnit4TestReference.java:89)\n\tat org.eclipse.jdt.internal.junit.runner.TestExecution.run(TestExecution.java:41)\n\tat org.eclipse.jdt.internal.junit.runner.RemoteTestRunner.runTests(RemoteTestRunner.java:541)\n\tat org.eclipse.jdt.internal.junit.runner.RemoteTestRunner.runTests(RemoteTestRunner.java:763)\n\tat org.eclipse.jdt.internal.junit.runner.RemoteTestRunner.run(RemoteTestRunner.java:463)\n\tat org.eclipse.jdt.internal.junit.runner.RemoteTestRunner.main(RemoteTestRunner.java:209)\n\u003c/pre\u003e"},"StartTime":"2019-03-01 15:45:06","Duration":{"#cdata-section":"00:00:00.000"},"Result":"Failed"}}]}}}}}}
